id;student_name;email_id;address;description
1;Bedfordshire indigo radical;GB whiteboard;PCI frame Configuration;Shoes
2;Analyst;program;bypassing Orchestrator;cross-platform connect Refined
3;Avon Shoes Bedfordshire;partnerships rich Iowa;Intranet South Dakota;Shoes
4;multi-byte open-source;even-keeled;algorithm Handmade;port Maine parsing
5;bypassing;backing up Iran Intranet;Usability quantify;olive
6;budgetary management transmit payment;Practical solution-oriented;Lari Advanced quantifying;Total system matrix
7;Automotive Chief Rubber;Pre-emptive;online repurpose;generating focus group
8;deposit indexing clear-thinking;Keyboard;installation deploy Interactions;Handmade Fiji Dollar
9;copying deposit;Legacy Garden Regional;Illinois Money Market Account circuit;compress Virgin Islands, British Health
10;cutting-edge cross-platform Intranet;Granite Functionality navigating;Ferry Distributed Grass-roots;hack infomediaries Awesome
