id;teacher_name;email_id;address;description
1;Sleek Buckinghamshire;Buckinghamshire Legacy;yellow;teal
2;paradigm Soft back-end;IB;Ukraine Intelligent indexing;invoice Computers
3;azure;adapter open-source Corporate;Table Forward Cotton;Practical Bedfordshire
4;Auto Loan Account;Concrete;solutions;Metal Branding Garden
5;Pass;Connecticut;initiative models;one-to-one District Zloty
6;withdrawal;invoice Kansas;Sleek;Run Cheese AGP
7;Tasty Sleek technologies;Rufiyaa Soft Savings Account;Investor;Armenian Dram Applications
8;Isle Digitized Union;Fish;Strategist relationships Nevada;artificial intelligence Producer Bedfordshire
9;Practical Illinois orchid;Functionality Route;purple recontextualize Garden;Kids
10;Parkway Personal Loan Account Future;Island Bond Markets Units European Composite Unit (EURCO) Ergonomic Soft Chair;Soap radical;Martinique
